supplier_id,total_units,avg_fail_prob,high_risk_pct,avg_rul,avg_warranty_risk,critical_units,quality_score,alert_status,estimated_chargeback_usd
Tata_AutoComp,38,0.919889,100.0,39.05064530121653,100.0,37,6.4,🔴 CRITICAL ALERT,542500
Supplier_D,37,0.89573306,97.2972972972973,48.822344058268776,99.39189,35,8.9,🔴 CRITICAL ALERT,515338
Supplier_C,37,0.89219326,97.2972972972973,39.845913680824076,99.8946,35,9.2,🔴 CRITICAL ALERT,515338
Supplier_B,38,0.8599691,97.36842105263158,45.56242696862472,99.73158,35,11.7,🔴 CRITICAL ALERT,515395
